[{"model": "admin.logentry", "pk": 1, "fields": {"action_time": "2021-06-03T11:19:27.428Z", "user": 1, "content_type": 9, "object_id": "1", "object_repr": "Category object (1)", "action_flag": 1, "change_message": "[{\"added\": {}}]"}}, {"model": "admin.logentry", "pk": 2, "fields": {"action_time": "2021-06-03T11:19:48.906Z", "user": 1, "content_type": 9, "object_id": "2", "object_repr": "Category object (2)", "action_flag": 1, "change_message": "[{\"added\": {}}]"}}, {"model": "admin.logentry", "pk": 3, "fields": {"action_time": "2021-06-03T11:22:31.091Z", "user": 1, "content_type": 9, "object_id": "3", "object_repr": "Игры", "action_flag": 1, "change_message": "[{\"added\": {}}]"}}, {"model": "admin.logentry", "pk": 4, "fields": {"action_time": "2021-06-03T11:22:36.791Z", "user": 1, "content_type": 9, "object_id": "4", "object_repr": "Кино", "action_flag": 1, "change_message": "[{\"added\": {}}]"}}, {"model": "admin.logentry", "pk": 5, "fields": {"action_time": "2021-06-03T11:23:44.964Z", "user": 1, "content_type": 4, "object_id": "2", "object_repr": "Vlad", "action_flag": 1, "change_message": "[{\"added\": {}}]"}}, {"model": "admin.logentry", "pk": 6, "fields": {"action_time": "2021-06-03T11:23:52.110Z", "user": 1, "content_type": 4, "object_id": "2", "object_repr": "Vlad", "action_flag": 2, "change_message": "[]"}}, {"model": "admin.logentry", "pk": 7, "fields": {"action_time": "2021-06-03T11:24:08.663Z", "user": 1, "content_type": 4, "object_id": "3", "object_repr": "Ilya", "action_flag": 1, "change_message": "[{\"added\": {}}]"}}, {"model": "admin.logentry", "pk": 8, "fields": {"action_time": "2021-06-03T11:24:17.331Z", "user": 1, "content_type": 4, "object_id": "3", "object_repr": "Ilya", "action_flag": 2, "change_message": "[]"}}, {"model": "admin.logentry", "pk": 9, "fields": {"action_time": "2021-06-03T11:24:38.596Z", "user": 1, "content_type": 11, "object_id": "1", "object_repr": "Author object (1)", "action_flag": 1, "change_message": "[{\"added\": {}}]"}}, {"model": "admin.logentry", "pk": 10, "fields": {"action_time": "2021-06-03T11:26:58.511Z", "user": 1, "content_type": 11, "object_id": "2", "object_repr": "Author object (2)", "action_flag": 1, "change_message": "[{\"added\": {}}]"}}, {"model": "admin.logentry", "pk": 11, "fields": {"action_time": "2021-06-03T11:32:03.533Z", "user": 1, "content_type": 7, "object_id": "1", "object_repr": "Post object (1)", "action_flag": 1, "change_message": "[{\"added\": {}}]"}}, {"model": "admin.logentry", "pk": 12, "fields": {"action_time": "2021-06-03T11:32:49.082Z", "user": 1, "content_type": 7, "object_id": "1", "object_repr": "Музыка Ильи", "action_flag": 2, "change_message": "[{\"changed\": {\"fields\": [\"Title\"]}}]"}}, {"model": "admin.logentry", "pk": 13, "fields": {"action_time": "2021-06-03T11:33:20.189Z", "user": 1, "content_type": 7, "object_id": "2", "object_repr": "Еда Влада", "action_flag": 1, "change_message": "[{\"added\": {}}]"}}, {"model": "admin.logentry", "pk": 14, "fields": {"action_time": "2021-06-03T11:33:47.600Z", "user": 1, "content_type": 7, "object_id": "3", "object_repr": "Игры Ильи", "action_flag": 1, "change_message": "[{\"added\": {}}]"}}, {"model": "admin.logentry", "pk": 15, "fields": {"action_time": "2021-06-03T11:34:27.051Z", "user": 1, "content_type": 7, "object_id": "4", "object_repr": "Кино Влада", "action_flag": 1, "change_message": "[{\"added\": {}}]"}}, {"model": "admin.logentry", "pk": 16, "fields": {"action_time": "2021-06-03T11:34:53.143Z", "user": 1, "content_type": 7, "object_id": "5", "object_repr": "Кино Ильи", "action_flag": 1, "change_message": "[{\"added\": {}}]"}}, {"model": "admin.logentry", "pk": 17, "fields": {"action_time": "2021-06-03T11:35:26.301Z", "user": 1, "content_type": 7, "object_id": "6", "object_repr": "Еда Влада", "action_flag": 1, "change_message": "[{\"added\": {}}]"}}, {"model": "admin.logentry", "pk": 18, "fields": {"action_time": "2021-06-03T11:36:01.250Z", "user": 1, "content_type": 7, "object_id": "7", "object_repr": "Еда Ильи", "action_flag": 1, "change_message": "[{\"added\": {}}]"}}, {"model": "admin.logentry", "pk": 19, "fields": {"action_time": "2021-06-03T11:36:33.726Z", "user": 1, "content_type": 7, "object_id": "8", "object_repr": "Музыка Влада", "action_flag": 1, "change_message": "[{\"added\": {}}]"}}, {"model": "admin.logentry", "pk": 20, "fields": {"action_time": "2021-06-03T11:37:07.909Z", "user": 1, "content_type": 7, "object_id": "9", "object_repr": "Музыка Ильи", "action_flag": 1, "change_message": "[{\"added\": {}}]"}}, {"model": "admin.logentry", "pk": 21, "fields": {"action_time": "2021-06-03T11:37:28.511Z", "user": 1, "content_type": 7, "object_id": "10", "object_repr": "Игры Влада", "action_flag": 1, "change_message": "[{\"added\": {}}]"}}, {"model": "admin.logentry", "pk": 22, "fields": {"action_time": "2021-06-03T11:38:05.128Z", "user": 1, "content_type": 7, "object_id": "11", "object_repr": "Музыка Иоьи", "action_flag": 1, "change_message": "[{\"added\": {}}]"}}, {"model": "admin.logentry", "pk": 23, "fields": {"action_time": "2021-06-03T11:38:16.713Z", "user": 1, "content_type": 12, "object_id": "1", "object_repr": "PostCategory object (1)", "action_flag": 1, "change_message": "[{\"added\": {}}]"}}, {"model": "admin.logentry", "pk": 24, "fields": {"action_time": "2021-06-03T11:39:12.106Z", "user": 1, "content_type": 12, "object_id": "2", "object_repr": "Еда", "action_flag": 1, "change_message": "[{\"added\": {}}]"}}, {"model": "admin.logentry", "pk": 25, "fields": {"action_time": "2021-06-03T11:39:19.615Z", "user": 1, "content_type": 12, "object_id": "3", "object_repr": "Игры", "action_flag": 1, "change_message": "[{\"added\": {}}]"}}, {"model": "admin.logentry", "pk": 26, "fields": {"action_time": "2021-06-03T11:39:26.885Z", "user": 1, "content_type": 12, "object_id": "4", "object_repr": "Кино", "action_flag": 1, "change_message": "[{\"added\": {}}]"}}, {"model": "admin.logentry", "pk": 27, "fields": {"action_time": "2021-06-03T11:39:40.669Z", "user": 1, "content_type": 12, "object_id": "5", "object_repr": "Кино", "action_flag": 1, "change_message": "[{\"added\": {}}]"}}, {"model": "admin.logentry", "pk": 28, "fields": {"action_time": "2021-06-03T11:39:47.087Z", "user": 1, "content_type": 12, "object_id": "6", "object_repr": "Еда", "action_flag": 1, "change_message": "[{\"added\": {}}]"}}, {"model": "admin.logentry", "pk": 29, "fields": {"action_time": "2021-06-03T11:40:02.560Z", "user": 1, "content_type": 12, "object_id": "7", "object_repr": "Еда", "action_flag": 1, "change_message": "[{\"added\": {}}]"}}, {"model": "admin.logentry", "pk": 30, "fields": {"action_time": "2021-06-03T11:40:11.152Z", "user": 1, "content_type": 12, "object_id": "8", "object_repr": "Музыка", "action_flag": 1, "change_message": "[{\"added\": {}}]"}}, {"model": "admin.logentry", "pk": 31, "fields": {"action_time": "2021-06-03T11:40:17.207Z", "user": 1, "content_type": 12, "object_id": "9", "object_repr": "Музыка", "action_flag": 1, "change_message": "[{\"added\": {}}]"}}, {"model": "admin.logentry", "pk": 32, "fields": {"action_time": "2021-06-03T11:40:24.880Z", "user": 1, "content_type": 12, "object_id": "10", "object_repr": "Игры", "action_flag": 1, "change_message": "[{\"added\": {}}]"}}, {"model": "admin.logentry", "pk": 33, "fields": {"action_time": "2021-06-03T11:40:31.351Z", "user": 1, "content_type": 12, "object_id": "11", "object_repr": "Музыка", "action_flag": 1, "change_message": "[{\"added\": {}}]"}}, {"model": "admin.logentry", "pk": 34, "fields": {"action_time": "2021-06-03T11:41:16.978Z", "user": 1, "content_type": 3, "object_id": "1", "object_repr": "basic", "action_flag": 1, "change_message": "[{\"added\": {}}]"}}, {"model": "admin.logentry", "pk": 35, "fields": {"action_time": "2021-06-03T11:41:38.821Z", "user": 1, "content_type": 3, "object_id": "2", "object_repr": "premium", "action_flag": 1, "change_message": "[{\"added\": {}}]"}}, {"model": "admin.logentry", "pk": 36, "fields": {"action_time": "2021-06-03T11:42:20.485Z", "user": 1, "content_type": 4, "object_id": "4", "object_repr": "basicUser", "action_flag": 1, "change_message": "[{\"added\": {}}]"}}, {"model": "admin.logentry", "pk": 37, "fields": {"action_time": "2021-06-03T11:42:28.518Z", "user": 1, "content_type": 4, "object_id": "4", "object_repr": "basicUser", "action_flag": 2, "change_message": "[{\"changed\": {\"fields\": [\"Groups\"]}}]"}}, {"model": "admin.logentry", "pk": 38, "fields": {"action_time": "2021-06-03T11:43:52.302Z", "user": 1, "content_type": 4, "object_id": "5", "object_repr": "premium", "action_flag": 1, "change_message": "[{\"added\": {}}]"}}, {"model": "admin.logentry", "pk": 39, "fields": {"action_time": "2021-06-03T11:43:57.326Z", "user": 1, "content_type": 4, "object_id": "5", "object_repr": "premium", "action_flag": 2, "change_message": "[{\"changed\": {\"fields\": [\"Groups\"]}}]"}}, {"model": "admin.logentry", "pk": 40, "fields": {"action_time": "2021-06-03T11:48:46.046Z", "user": 1, "content_type": 3, "object_id": "2", "object_repr": "authors", "action_flag": 2, "change_message": "[{\"changed\": {\"fields\": [\"Name\"]}}]"}}, {"model": "admin.logentry", "pk": 41, "fields": {"action_time": "2021-06-03T11:52:37.932Z", "user": 1, "content_type": 7, "object_id": "11", "object_repr": "Музыка Ильи", "action_flag": 2, "change_message": "[{\"changed\": {\"fields\": [\"Title\"]}}]"}}, {"model": "admin.logentry", "pk": 42, "fields": {"action_time": "2021-06-03T11:54:46.253Z", "user": 1, "content_type": 4, "object_id": "3", "object_repr": "Ilya", "action_flag": 2, "change_message": "[{\"changed\": {\"fields\": [\"Email address\"]}}]"}}, {"model": "admin.logentry", "pk": 43, "fields": {"action_time": "2021-06-03T11:57:43.926Z", "user": 1, "content_type": 3, "object_id": "1", "object_repr": "common", "action_flag": 2, "change_message": "[{\"changed\": {\"fields\": [\"Name\"]}}]"}}, {"model": "admin.logentry", "pk": 44, "fields": {"action_time": "2021-06-03T12:07:26.726Z", "user": 1, "content_type": 15, "object_id": "4", "object_repr": "ilya22@yandex.ru", "action_flag": 2, "change_message": "[{\"changed\": {\"fields\": [\"Verified\"]}}]"}}, {"model": "admin.logentry", "pk": 45, "fields": {"action_time": "2021-06-03T12:07:31.285Z", "user": 1, "content_type": 15, "object_id": "3", "object_repr": "kibirev.i@yandex.ru", "action_flag": 2, "change_message": "[{\"changed\": {\"fields\": [\"Verified\"]}}]"}}, {"model": "admin.logentry", "pk": 46, "fields": {"action_time": "2021-06-03T12:07:35.323Z", "user": 1, "content_type": 15, "object_id": "1", "object_repr": "ilya27@gmail.com", "action_flag": 2, "change_message": "[{\"changed\": {\"fields\": [\"Verified\"]}}]"}}, {"model": "admin.logentry", "pk": 47, "fields": {"action_time": "2021-06-03T12:07:38.934Z", "user": 1, "content_type": 15, "object_id": "2", "object_repr": "basic_user@example.com", "action_flag": 2, "change_message": "[{\"changed\": {\"fields\": [\"Verified\"]}}]"}}, {"model": "admin.logentry", "pk": 48, "fields": {"action_time": "2021-06-03T12:07:52.144Z", "user": 1, "content_type": 10, "object_id": "1", "object_repr": "Subs_sender object (1)", "action_flag": 1, "change_message": "[{\"added\": {}}]"}}, {"model": "admin.logentry", "pk": 49, "fields": {"action_time": "2021-06-03T12:08:34.796Z", "user": 1, "content_type": 10, "object_id": "2", "object_repr": "Ilya", "action_flag": 1, "change_message": "[{\"added\": {}}]"}}, {"model": "admin.logentry", "pk": 50, "fields": {"action_time": "2021-06-03T12:21:01.686Z", "user": 1, "content_type": 7, "object_id": "14", "object_repr": "Музыка", "action_flag": 1, "change_message": "[{\"added\": {}}]"}}, {"model": "admin.logentry", "pk": 51, "fields": {"action_time": "2021-06-03T12:21:26.074Z", "user": 1, "content_type": 12, "object_id": "12", "object_repr": "Музыка", "action_flag": 1, "change_message": "[{\"added\": {}}]"}}, {"model": "admin.logentry", "pk": 52, "fields": {"action_time": "2021-06-03T12:36:10.744Z", "user": 1, "content_type": 3, "object_id": "2", "object_repr": "authors", "action_flag": 2, "change_message": "[{\"changed\": {\"fields\": [\"Permissions\"]}}]"}}, {"model": "admin.logentry", "pk": 53, "fields": {"action_time": "2021-06-03T12:36:28.313Z", "user": 1, "content_type": 4, "object_id": "8", "object_repr": "kibirev.i", "action_flag": 2, "change_message": "[{\"changed\": {\"fields\": [\"Groups\"]}}]"}}, {"model": "admin.logentry", "pk": 54, "fields": {"action_time": "2021-06-03T12:39:43.402Z", "user": 1, "content_type": 4, "object_id": "8", "object_repr": "kibirev.i", "action_flag": 3, "change_message": ""}}, {"model": "admin.logentry", "pk": 55, "fields": {"action_time": "2021-06-03T13:07:52.337Z", "user": 1, "content_type": 7, "object_id": "16", "object_repr": "1111", "action_flag": 3, "change_message": ""}}, {"model": "admin.logentry", "pk": 56, "fields": {"action_time": "2021-06-03T13:08:09.145Z", "user": 1, "content_type": 12, "object_id": "11", "object_repr": "Музыка", "action_flag": 2, "change_message": "[]"}}, {"model": "admin.logentry", "pk": 57, "fields": {"action_time": "2021-06-03T13:13:16.421Z", "user": 1, "content_type": 10, "object_id": "4", "object_repr": "admin", "action_flag": 3, "change_message": ""}}, {"model": "admin.logentry", "pk": 58, "fields": {"action_time": "2021-06-03T13:13:16.594Z", "user": 1, "content_type": 10, "object_id": "3", "object_repr": "admin", "action_flag": 3, "change_message": ""}}, {"model": "auth.permission", "pk": 1, "fields": {"name": "Can add log entry", "content_type": 1, "codename": "add_logentry"}}, {"model": "auth.permission", "pk": 2, "fields": {"name": "Can change log entry", "content_type": 1, "codename": "change_logentry"}}, {"model": "auth.permission", "pk": 3, "fields": {"name": "Can delete log entry", "content_type": 1, "codename": "delete_logentry"}}, {"model": "auth.permission", "pk": 4, "fields": {"name": "Can view log entry", "content_type": 1, "codename": "view_logentry"}}, {"model": "auth.permission", "pk": 5, "fields": {"name": "Can add permission", "content_type": 2, "codename": "add_permission"}}, {"model": "auth.permission", "pk": 6, "fields": {"name": "Can change permission", "content_type": 2, "codename": "change_permission"}}, {"model": "auth.permission", "pk": 7, "fields": {"name": "Can delete permission", "content_type": 2, "codename": "delete_permission"}}, {"model": "auth.permission", "pk": 8, "fields": {"name": "Can view permission", "content_type": 2, "codename": "view_permission"}}, {"model": "auth.permission", "pk": 9, "fields": {"name": "Can add group", "content_type": 3, "codename": "add_group"}}, {"model": "auth.permission", "pk": 10, "fields": {"name": "Can change group", "content_type": 3, "codename": "change_group"}}, {"model": "auth.permission", "pk": 11, "fields": {"name": "Can delete group", "content_type": 3, "codename": "delete_group"}}, {"model": "auth.permission", "pk": 12, "fields": {"name": "Can view group", "content_type": 3, "codename": "view_group"}}, {"model": "auth.permission", "pk": 13, "fields": {"name": "Can add user", "content_type": 4, "codename": "add_user"}}, {"model": "auth.permission", "pk": 14, "fields": {"name": "Can change user", "content_type": 4, "codename": "change_user"}}, {"model": "auth.permission", "pk": 15, "fields": {"name": "Can delete user", "content_type": 4, "codename": "delete_user"}}, {"model": "auth.permission", "pk": 16, "fields": {"name": "Can view user", "content_type": 4, "codename": "view_user"}}, {"model": "auth.permission", "pk": 17, "fields": {"name": "Can add content type", "content_type": 5, "codename": "add_contenttype"}}, {"model": "auth.permission", "pk": 18, "fields": {"name": "Can change content type", "content_type": 5, "codename": "change_contenttype"}}, {"model": "auth.permission", "pk": 19, "fields": {"name": "Can delete content type", "content_type": 5, "codename": "delete_contenttype"}}, {"model": "auth.permission", "pk": 20, "fields": {"name": "Can view content type", "content_type": 5, "codename": "view_contenttype"}}, {"model": "auth.permission", "pk": 21, "fields": {"name": "Can add session", "content_type": 6, "codename": "add_session"}}, {"model": "auth.permission", "pk": 22, "fields": {"name": "Can change session", "content_type": 6, "codename": "change_session"}}, {"model": "auth.permission", "pk": 23, "fields": {"name": "Can delete session", "content_type": 6, "codename": "delete_session"}}, {"model": "auth.permission", "pk": 24, "fields": {"name": "Can view session", "content_type": 6, "codename": "view_session"}}, {"model": "auth.permission", "pk": 25, "fields": {"name": "Can add post", "content_type": 7, "codename": "add_post"}}, {"model": "auth.permission", "pk": 26, "fields": {"name": "Can change post", "content_type": 7, "codename": "change_post"}}, {"model": "auth.permission", "pk": 27, "fields": {"name": "Can delete post", "content_type": 7, "codename": "delete_post"}}, {"model": "auth.permission", "pk": 28, "fields": {"name": "Can view post", "content_type": 7, "codename": "view_post"}}, {"model": "auth.permission", "pk": 29, "fields": {"name": "Can add comment", "content_type": 8, "codename": "add_comment"}}, {"model": "auth.permission", "pk": 30, "fields": {"name": "Can change comment", "content_type": 8, "codename": "change_comment"}}, {"model": "auth.permission", "pk": 31, "fields": {"name": "Can delete comment", "content_type": 8, "codename": "delete_comment"}}, {"model": "auth.permission", "pk": 32, "fields": {"name": "Can view comment", "content_type": 8, "codename": "view_comment"}}, {"model": "auth.permission", "pk": 33, "fields": {"name": "Can add category", "content_type": 9, "codename": "add_category"}}, {"model": "auth.permission", "pk": 34, "fields": {"name": "Can change category", "content_type": 9, "codename": "change_category"}}, {"model": "auth.permission", "pk": 35, "fields": {"name": "Can delete category", "content_type": 9, "codename": "delete_category"}}, {"model": "auth.permission", "pk": 36, "fields": {"name": "Can view category", "content_type": 9, "codename": "view_category"}}, {"model": "auth.permission", "pk": 37, "fields": {"name": "Can add subs_sender", "content_type": 10, "codename": "add_subs_sender"}}, {"model": "auth.permission", "pk": 38, "fields": {"name": "Can change subs_sender", "content_type": 10, "codename": "change_subs_sender"}}, {"model": "auth.permission", "pk": 39, "fields": {"name": "Can delete subs_sender", "content_type": 10, "codename": "delete_subs_sender"}}, {"model": "auth.permission", "pk": 40, "fields": {"name": "Can view subs_sender", "content_type": 10, "codename": "view_subs_sender"}}, {"model": "auth.permission", "pk": 41, "fields": {"name": "Can add author", "content_type": 11, "codename": "add_author"}}, {"model": "auth.permission", "pk": 42, "fields": {"name": "Can change author", "content_type": 11, "codename": "change_author"}}, {"model": "auth.permission", "pk": 43, "fields": {"name": "Can delete author", "content_type": 11, "codename": "delete_author"}}, {"model": "auth.permission", "pk": 44, "fields": {"name": "Can view author", "content_type": 11, "codename": "view_author"}}, {"model": "auth.permission", "pk": 45, "fields": {"name": "Can add post category", "content_type": 12, "codename": "add_postcategory"}}, {"model": "auth.permission", "pk": 46, "fields": {"name": "Can change post category", "content_type": 12, "codename": "change_postcategory"}}, {"model": "auth.permission", "pk": 47, "fields": {"name": "Can delete post category", "content_type": 12, "codename": "delete_postcategory"}}, {"model": "auth.permission", "pk": 48, "fields": {"name": "Can view post category", "content_type": 12, "codename": "view_postcategory"}}, {"model": "auth.permission", "pk": 49, "fields": {"name": "Can add site", "content_type": 13, "codename": "add_site"}}, {"model": "auth.permission", "pk": 50, "fields": {"name": "Can change site", "content_type": 13, "codename": "change_site"}}, {"model": "auth.permission", "pk": 51, "fields": {"name": "Can delete site", "content_type": 13, "codename": "delete_site"}}, {"model": "auth.permission", "pk": 52, "fields": {"name": "Can view site", "content_type": 13, "codename": "view_site"}}, {"model": "auth.permission", "pk": 53, "fields": {"name": "Can add flat page", "content_type": 14, "codename": "add_flatpage"}}, {"model": "auth.permission", "pk": 54, "fields": {"name": "Can change flat page", "content_type": 14, "codename": "change_flatpage"}}, {"model": "auth.permission", "pk": 55, "fields": {"name": "Can delete flat page", "content_type": 14, "codename": "delete_flatpage"}}, {"model": "auth.permission", "pk": 56, "fields": {"name": "Can view flat page", "content_type": 14, "codename": "view_flatpage"}}, {"model": "auth.permission", "pk": 57, "fields": {"name": "Can add email address", "content_type": 15, "codename": "add_emailaddress"}}, {"model": "auth.permission", "pk": 58, "fields": {"name": "Can change email address", "content_type": 15, "codename": "change_emailaddress"}}, {"model": "auth.permission", "pk": 59, "fields": {"name": "Can delete email address", "content_type": 15, "codename": "delete_emailaddress"}}, {"model": "auth.permission", "pk": 60, "fields": {"name": "Can view email address", "content_type": 15, "codename": "view_emailaddress"}}, {"model": "auth.permission", "pk": 61, "fields": {"name": "Can add email confirmation", "content_type": 16, "codename": "add_emailconfirmation"}}, {"model": "auth.permission", "pk": 62, "fields": {"name": "Can change email confirmation", "content_type": 16, "codename": "change_emailconfirmation"}}, {"model": "auth.permission", "pk": 63, "fields": {"name": "Can delete email confirmation", "content_type": 16, "codename": "delete_emailconfirmation"}}, {"model": "auth.permission", "pk": 64, "fields": {"name": "Can view email confirmation", "content_type": 16, "codename": "view_emailconfirmation"}}, {"model": "auth.permission", "pk": 65, "fields": {"name": "Can add social account", "content_type": 17, "codename": "add_socialaccount"}}, {"model": "auth.permission", "pk": 66, "fields": {"name": "Can change social account", "content_type": 17, "codename": "change_socialaccount"}}, {"model": "auth.permission", "pk": 67, "fields": {"name": "Can delete social account", "content_type": 17, "codename": "delete_socialaccount"}}, {"model": "auth.permission", "pk": 68, "fields": {"name": "Can view social account", "content_type": 17, "codename": "view_socialaccount"}}, {"model": "auth.permission", "pk": 69, "fields": {"name": "Can add social application", "content_type": 18, "codename": "add_socialapp"}}, {"model": "auth.permission", "pk": 70, "fields": {"name": "Can change social application", "content_type": 18, "codename": "change_socialapp"}}, {"model": "auth.permission", "pk": 71, "fields": {"name": "Can delete social application", "content_type": 18, "codename": "delete_socialapp"}}, {"model": "auth.permission", "pk": 72, "fields": {"name": "Can view social application", "content_type": 18, "codename": "view_socialapp"}}, {"model": "auth.permission", "pk": 73, "fields": {"name": "Can add social application token", "content_type": 19, "codename": "add_socialtoken"}}, {"model": "auth.permission", "pk": 74, "fields": {"name": "Can change social application token", "content_type": 19, "codename": "change_socialtoken"}}, {"model": "auth.permission", "pk": 75, "fields": {"name": "Can delete social application token", "content_type": 19, "codename": "delete_socialtoken"}}, {"model": "auth.permission", "pk": 76, "fields": {"name": "Can view social application token", "content_type": 19, "codename": "view_socialtoken"}}, {"model": "auth.group", "pk": 1, "fields": {"name": "common", "permissions": [32, 28]}}, {"model": "auth.group", "pk": 2, "fields": {"name": "authors", "permissions": [57, 58, 59, 60, 61, 62, 63, 64, 1, 2, 3, 4, 9, 10, 11, 12, 5, 6, 7, 8, 13, 14, 15, 16, 17, 18, 19, 20, 53, 54, 55, 56, 41, 42, 43, 44, 33, 34, 35, 36, 29, 30, 31, 32, 25, 26, 27, 28, 45, 46, 47, 48, 37, 38, 39, 40, 21, 22, 23, 24, 49, 50, 51, 52, 65, 66, 67, 68, 69, 70, 71, 72, 73, 74, 75, 76]}}, {"model": "auth.user", "pk": 1, "fields": {"password": "pbkdf2_sha256$260000$xxRHnGr05nBblWnmOCqZP6$uFg6e+9Jw0SWjWGpPJ+eKdZPgrKWkmhr7ZRcqGS/cPQ=", "last_login": "2021-06-03T13:07:23.352Z", "is_superuser": true, "username": "admin", "first_name": "", "last_name": "", "email": "", "is_staff": true, "is_active": true, "date_joined": "2021-06-03T09:38:29.817Z", "groups": [2], "user_permissions": []}}, {"model": "auth.user", "pk": 2, "fields": {"password": "pbkdf2_sha256$260000$3if8KfGyyknHtYSitw6bSg$ta0enAHKi+GElbSLTxRnJkBY/V1G+1OwSN8+u7m4QZ8=", "last_login": null, "is_superuser": false, "username": "Vlad", "first_name": "", "last_name": "", "email": "", "is_staff": false, "is_active": true, "date_joined": "2021-06-03T11:23:44Z", "groups": [], "user_permissions": []}}, {"model": "auth.user", "pk": 3, "fields": {"password": "pbkdf2_sha256$260000$GtQK51n0yLXfv7t7uz5uyv$+84yND80lUMIGJnZM7NXPaXH46h+GA2O7nWC3xpoWlo=", "last_login": null, "is_superuser": false, "username": "Ilya", "first_name": "", "last_name": "", "email": "ilya@gmail.com", "is_staff": false, "is_active": true, "date_joined": "2021-06-03T11:24:08Z", "groups": [], "user_permissions": []}}, {"model": "auth.user", "pk": 4, "fields": {"password": "pbkdf2_sha256$260000$TYkocZyvv7rj8PVrXJxlUS$6TEojMjftX6n+qqYhy6GCAHlvsxwebSfNOnZBGwT6N8=", "last_login": null, "is_superuser": false, "username": "basicUser", "first_name": "", "last_name": "", "email": "", "is_staff": false, "is_active": true, "date_joined": "2021-06-03T11:42:20Z", "groups": [1], "user_permissions": []}}, {"model": "auth.user", "pk": 5, "fields": {"password": "pbkdf2_sha256$260000$HgTbh0udNx8RJtlqUv1Hh3$pNy/phmNhJs4NO6lK13YCbkswtpNvtK52k/FliVyCRE=", "last_login": null, "is_superuser": false, "username": "premium", "first_name": "", "last_name": "", "email": "", "is_staff": false, "is_active": true, "date_joined": "2021-06-03T11:43:51Z", "groups": [2], "user_permissions": []}}, {"model": "auth.user", "pk": 6, "fields": {"password": "pbkdf2_sha256$260000$k3aP8Ib3YHGMafsDdu7UE5$OuAfl31OvlzedpQiXcwAdLFa9553nI+082PacyOwLkk=", "last_login": null, "is_superuser": false, "username": "ilya27", "first_name": "", "last_name": "", "email": "ilya27@gmail.com", "is_staff": false, "is_active": true, "date_joined": "2021-06-03T11:56:33.158Z", "groups": [], "user_permissions": []}}, {"model": "auth.user", "pk": 7, "fields": {"password": "pbkdf2_sha256$260000$WuumCBbo8jTigxsjStRPwK$iSbnpoN7JJ9ioDFs5xWQoy9THDaeKdR3lfjH0MRjk6g=", "last_login": null, "is_superuser": false, "username": "basic_user", "first_name": "", "last_name": "", "email": "basic_user@example.com", "is_staff": false, "is_active": true, "date_joined": "2021-06-03T11:58:50.632Z", "groups": [1], "user_permissions": []}}, {"model": "auth.user", "pk": 9, "fields": {"password": "pbkdf2_sha256$260000$0oNisNIQJEDYvF5Cz36vc8$vJ+QBEk4WdDFxBrFwCeQHR2EFUstzPCj4vgR2SP2xJY=", "last_login": null, "is_superuser": false, "username": "ilya22", "first_name": "", "last_name": "", "email": "ilya22@yandex.ru", "is_staff": false, "is_active": true, "date_joined": "2021-06-03T12:06:19.994Z", "groups": [1], "user_permissions": []}}, {"model": "auth.user", "pk": 10, "fields": {"password": "pbkdf2_sha256$260000$B4KgJGRkeiTannXkWduGDf$EFzYkVS5yYbR68jmA0N94zJ9d5azVSDxmqMCEM5rh3o=", "last_login": null, "is_superuser": false, "username": "kibirev.i", "first_name": "", "last_name": "", "email": "kibirev.i@yandex.ru", "is_staff": false, "is_active": true, "date_joined": "2021-06-03T12:40:20.812Z", "groups": [1], "user_permissions": []}}, {"model": "auth.user", "pk": 11, "fields": {"password": "pbkdf2_sha256$260000$VLRHPLbJ2bbbvqjC8m9Par$edK88lOAdn9xoH0SqJBOAgacNfosBSfs7qAoshrkKW0=", "last_login": "2021-06-03T12:49:22.506Z", "is_superuser": false, "username": "testowitch.i", "first_name": "", "last_name": "", "email": "testowitch.i@yandex.ru", "is_staff": false, "is_active": true, "date_joined": "2021-06-03T12:47:56.993Z", "groups": [1, 2], "user_permissions": []}}, {"model": "auth.user", "pk": 12, "fields": {"password": "pbkdf2_sha256$260000$WJ0z6SSPt5Lnc0xIwno7gg$FAQuiWUZZoVfJiupzMyDhifKwOvd3cureW/xqMHOq+8=", "last_login": "2021-06-03T13:22:41.011Z", "is_superuser": false, "username": "kibirev.i2727", "first_name": "", "last_name": "", "email": "kibirev.i2727@gmail.com", "is_staff": false, "is_active": true, "date_joined": "2021-06-03T12:56:20.012Z", "groups": [1, 2], "user_permissions": []}}, {"model": "contenttypes.contenttype", "pk": 1, "fields": {"app_label": "admin", "model": "logentry"}}, {"model": "contenttypes.contenttype", "pk": 2, "fields": {"app_label": "auth", "model": "permission"}}, {"model": "contenttypes.contenttype", "pk": 3, "fields": {"app_label": "auth", "model": "group"}}, {"model": "contenttypes.contenttype", "pk": 4, "fields": {"app_label": "auth", "model": "user"}}, {"model": "contenttypes.contenttype", "pk": 5, "fields": {"app_label": "contenttypes", "model": "contenttype"}}, {"model": "contenttypes.contenttype", "pk": 6, "fields": {"app_label": "sessions", "model": "session"}}, {"model": "contenttypes.contenttype", "pk": 7, "fields": {"app_label": "news_paper", "model": "post"}}, {"model": "contenttypes.contenttype", "pk": 8, "fields": {"app_label": "news_paper", "model": "comment"}}, {"model": "contenttypes.contenttype", "pk": 9, "fields": {"app_label": "news_paper", "model": "category"}}, {"model": "contenttypes.contenttype", "pk": 10, "fields": {"app_label": "news_paper", "model": "subs_sender"}}, {"model": "contenttypes.contenttype", "pk": 11, "fields": {"app_label": "news_paper", "model": "author"}}, {"model": "contenttypes.contenttype", "pk": 12, "fields": {"app_label": "news_paper", "model": "postcategory"}}, {"model": "contenttypes.contenttype", "pk": 13, "fields": {"app_label": "sites", "model": "site"}}, {"model": "contenttypes.contenttype", "pk": 14, "fields": {"app_label": "flatpages", "model": "flatpage"}}, {"model": "contenttypes.contenttype", "pk": 15, "fields": {"app_label": "account", "model": "emailaddress"}}, {"model": "contenttypes.contenttype", "pk": 16, "fields": {"app_label": "account", "model": "emailconfirmation"}}, {"model": "contenttypes.contenttype", "pk": 17, "fields": {"app_label": "socialaccount", "model": "socialaccount"}}, {"model": "contenttypes.contenttype", "pk": 18, "fields": {"app_label": "socialaccount", "model": "socialapp"}}, {"model": "contenttypes.contenttype", "pk": 19, "fields": {"app_label": "socialaccount", "model": "socialtoken"}}, {"model": "sessions.session", "pk": "8li48o4o6lugxtw28zwr2702g1rkkdvs", "fields": {"session_data": ".eJxVjEsOAiEQBe_C2hCgGT4u3XuGSUM3Mmogmc_KeHedZBa6fVX1XmLEba3jtvA8TiTOQovT75YwP7jtgO7Ybl3m3tZ5SnJX5EEXee3Ez8vh_h1UXOq3BrbKJmeUz9qBsTloUsBkIwEWQMpYOGrvjA1DMgU0Rs8FVAwpDlaJ9wfSKTdr:1lompo:lcAS_d0nT-H_hNyeMdXmhCPyn-FJNCZ0vuted4F9Ie0", "expire_date": "2021-06-17T12:52:28.409Z"}}, {"model": "sessions.session", "pk": "ty07ddozut1bf5ehwlpkah3psksbxt6d", "fields": {"session_data": ".eJxVjU0OwiAQhe_C2jQOFEq704uQYRhSYkNNoYnGeHdb04Uu39_3XsLhWke3Fl5cCmIQIMXp1_RIN857gtO02w0SzWuuzbdzxKW5bIpzTYQ1zfl6rP5QI5Zx4xgMXkvVYtDgLVgOClWUnm1vrTLB9BglULSBtNZgDEhDESx0rNoO2x1auJTtxvHjnpanGM7vD-owQ44:1lonJ3:axYVzkPQ2nonS_0ZbZlJtEfqJx8Jcn-EnaYY8z7G4Y0", "expire_date": "2021-06-17T13:22:41.090Z"}}, {"model": "news_paper.author", "pk": 1, "fields": {"user_id": 3, "rating": 0}}, {"model": "news_paper.author", "pk": 2, "fields": {"user_id": 2, "rating": 0}}, {"model": "news_paper.author", "pk": 3, "fields": {"user_id": 1, "rating": 0}}, {"model": "news_paper.author", "pk": 5, "fields": {"user_id": 11, "rating": 0}}, {"model": "news_paper.author", "pk": 6, "fields": {"user_id": 12, "rating": 0}}, {"model": "news_paper.category", "pk": 1, "fields": {"category": "Еда"}}, {"model": "news_paper.category", "pk": 2, "fields": {"category": "Музыка"}}, {"model": "news_paper.category", "pk": 3, "fields": {"category": "Игры"}}, {"model": "news_paper.category", "pk": 4, "fields": {"category": "Кино"}}, {"model": "news_paper.post", "pk": 1, "fields": {"author": 1, "type": "A", "title": "Музыка Ильи", "text": "Музыка_Ильи_Музыка_Ильи_Музыка_Ильи_Музыка_Ильи_Музыка_Ильи_Музыка_Ильи_Музыка_Ильи_Музыка_Ильи_Музыка_Ильи_Музыка_Ильи_", "rating": 44, "created_data": "2021-06-03T11:32:03.415Z"}}, {"model": "news_paper.post", "pk": 2, "fields": {"author": 2, "type": "N", "title": "Еда Влада", "text": "еда_Влада_еда_Влада_еда_Влада_еда_Влада_еда_Влада_еда_Влада_еда_Влада_еда_Влада_еда_Влада_", "rating": 11, "created_data": "2021-06-03T11:33:20.181Z"}}, {"model": "news_paper.post", "pk": 3, "fields": {"author": 1, "type": "N", "title": "Игры Ильи", "text": "игры_Ильи_игры_Ильи_игры_Ильи_игры_Ильи_мигры_Ильи_мммигры_Ильи_игры_Ильи_игры_Ильи_", "rating": 100, "created_data": "2021-06-03T11:33:47.587Z"}}, {"model": "news_paper.post", "pk": 4, "fields": {"author": 2, "type": "N", "title": "Кино Влада", "text": "кино_влада_кино_влада_мкино_влада_кино_влада_кино_влада_кино_влада_кино_влада_кино_влада_кино_влада_", "rating": 55, "created_data": "2021-06-03T11:34:27.043Z"}}, {"model": "news_paper.post", "pk": 5, "fields": {"author": 1, "type": "N", "title": "Кино Ильи", "text": "кино_Ильи_кино_Ильи_кино_Ильи_кино_Ильи_кино_Ильи_кино_Ильи_кино_Ильи_кино_Ильи_кино_Ильи_кино_Ильи_кино_Ильи_кино_Ильи_кино_Ильи_", "rating": 100, "created_data": "2021-06-03T11:34:53.134Z"}}, {"model": "news_paper.post", "pk": 6, "fields": {"author": 2, "type": "N", "title": "Еда Влада", "text": "еда_Влада_еда_Влада_меда_Влада_еда_Влада_еда_Влада_еда_Влада_еда_Влада_еда_Влада_еда_Влада_", "rating": 44, "created_data": "2021-06-03T11:35:26.280Z"}}, {"model": "news_paper.post", "pk": 7, "fields": {"author": 1, "type": "N", "title": "Еда Ильи", "text": "еда_Ильи_еда_Ильи_еда_Ильи_еда_Ильи_еда_Ильи_еда_Ильи_еда_Ильи_еда_Ильи_еда_Ильи_еда_Ильи_еда_Ильи_еда_Ильи_", "rating": 1, "created_data": "2021-06-03T11:36:01.247Z"}}, {"model": "news_paper.post", "pk": 8, "fields": {"author": 2, "type": "N", "title": "Музыка Влада", "text": "музыка_влада_музыка_влада_музыка_влада_музыка_влада_музыка_влада_музыка_влада_музыка_влада_музыка_влада_музыка_влада_", "rating": 11, "created_data": "2021-06-03T11:36:33.709Z"}}, {"model": "news_paper.post", "pk": 9, "fields": {"author": 1, "type": "N", "title": "Музыка Ильи", "text": "музыка_Ильи_музыка_Ильи_музыка_Ильи_музыка_Ильи_музыка_Ильи_музыка_Ильи_музыка_Ильи_музыка_Ильи_музыка_Ильи_музыка_Ильи_музыка_Ильи_", "rating": 100, "created_data": "2021-06-03T11:37:07.880Z"}}, {"model": "news_paper.post", "pk": 10, "fields": {"author": 2, "type": "N", "title": "Игры Влада", "text": "игры_влада_игры_влада_игры_влада_игры_влада_игры_влада_игры_влада_игры_влада_игры_влада_игры_влада_игры_влада_игры_влада_игры_влада_игры_влада_игры_влада_", "rating": 88, "created_data": "2021-06-03T11:37:28.494Z"}}, {"model": "news_paper.post", "pk": 11, "fields": {"author": 1, "type": "N", "title": "Музыка Ильи", "text": "музыка_Ильи_музыка_Ильи_музыка_Ильи_музыка_Ильи_музыка_Ильи_музыка_Ильи_музыка_Ильи_", "rating": 100, "created_data": "2021-06-03T11:38:05.117Z"}}, {"model": "news_paper.post", "pk": 17, "fields": {"author": 6, "type": "A", "title": "Музыка", "text": "музыка", "rating": 0, "created_data": "2021-06-03T13:00:15.241Z"}}, {"model": "news_paper.post", "pk": 18, "fields": {"author": 6, "type": "A", "title": "Еда", "text": "Еда, ага", "rating": 0, "created_data": "2021-06-03T13:23:58.047Z"}}, {"model": "news_paper.postcategory", "pk": 1, "fields": {"post": 1, "category": 2}}, {"model": "news_paper.postcategory", "pk": 2, "fields": {"post": 2, "category": 1}}, {"model": "news_paper.postcategory", "pk": 3, "fields": {"post": 3, "category": 3}}, {"model": "news_paper.postcategory", "pk": 4, "fields": {"post": 4, "category": 4}}, {"model": "news_paper.postcategory", "pk": 5, "fields": {"post": 5, "category": 4}}, {"model": "news_paper.postcategory", "pk": 6, "fields": {"post": 6, "category": 1}}, {"model": "news_paper.postcategory", "pk": 7, "fields": {"post": 7, "category": 1}}, {"model": "news_paper.postcategory", "pk": 8, "fields": {"post": 8, "category": 2}}, {"model": "news_paper.postcategory", "pk": 9, "fields": {"post": 9, "category": 2}}, {"model": "news_paper.postcategory", "pk": 10, "fields": {"post": 10, "category": 3}}, {"model": "news_paper.postcategory", "pk": 11, "fields": {"post": 11, "category": 2}}, {"model": "news_paper.subs_sender", "pk": 1, "fields": {"subscribers": 2, "category": 1}}, {"model": "news_paper.subs_sender", "pk": 2, "fields": {"subscribers": 3, "category": 4}}, {"model": "news_paper.subs_sender", "pk": 7, "fields": {"subscribers": 11, "category": 1}}, {"model": "news_paper.subs_sender", "pk": 8, "fields": {"subscribers": 12, "category": 2}}, {"model": "news_paper.subs_sender", "pk": 9, "fields": {"subscribers": 12, "category": 1}}, {"model": "sites.site", "pk": 1, "fields": {"domain": "example.com", "name": "example.com"}}, {"model": "account.emailaddress", "pk": 1, "fields": {"user": 6, "email": "ilya27@gmail.com", "verified": true, "primary": true}}, {"model": "account.emailaddress", "pk": 2, "fields": {"user": 7, "email": "basic_user@example.com", "verified": true, "primary": true}}, {"model": "account.emailaddress", "pk": 4, "fields": {"user": 9, "email": "ilya22@yandex.ru", "verified": true, "primary": true}}, {"model": "account.emailaddress", "pk": 5, "fields": {"user": 10, "email": "kibirev.i@yandex.ru", "verified": false, "primary": true}}, {"model": "account.emailaddress", "pk": 6, "fields": {"user": 11, "email": "testowitch.i@yandex.ru", "verified": true, "primary": true}}, {"model": "account.emailaddress", "pk": 7, "fields": {"user": 12, "email": "kibirev.i2727@gmail.com", "verified": true, "primary": true}}]